"type";"nameDe";"nameFr";"address";"location";"zip";"descriptionDe";"descriptionFr";"coordinates";"offers";"hasWalkIn";"appointmentType";"externalLinkDe";"externalLinkFr";"vacTypes";"openingHoursDe";"openingHoursFr";"dateTimeRangeStart";"dateTimeRangeStop"
"Impftruck";"Impftruck - Bätterkinden";"Camion de vaccination Bätterkinden";"Landshutstrasse 27";"Bätterkinden";"3315";"Saal Anlage Bätterkinden SAB";"Saal Anlage Bätterkinden SAB";"47.13309314717262, 7.544404798580122";"1,2";"true";"2";;;"mRNA";"von 10:00 Uhr bis 16:00 Uhr ";"10:00 à 16:00";"2021-11-26T10:00:00";"2021-11-26T16:00:00"
"mobile Einheit";"mobile Einheit - Bönigen";"Equipe mobile - Bönigen";"Sinsaal";"Bönigen";"3806";;;"46.67721289270774, 7.8864176741127165";"1,2";"true";"2";;;"mRNA";"von 09:00 Uhr bis 11:30 Uhr";"09:00 à 11:30";"2021-11-24T09:00:00";"2021-11-24T11:30:00"
"mobile Einheit";"mobile Einheit - Bönigen";"Equipe mobile - Bönigen";"Sinsaal";"Bönigen";"3806";;;"46.67721289270774, 7.8864176741127165";"1,2";"true";"2";;;"mRNA";"von 09:00 Uhr bis 11:30 Uhr";"09:00 à 11:30";"2021-12-22T09:00:00";"2021-12-22T11:30:00"
"Impftruck";"Impftruck - Biel";"Camion de vaccination - Bienne";"Place du Marché-Neuf (Neumarktplatz)";"Biel ";"2502";;;"47.14097771795413, 7.24818989858036";"1";"true";"2";;;"mRNA";"von 10:00 Uhr bis 16:00 Uhr ";"10:00 à 16:00";"2021-11-10T10:00:00";"2021-11-10T16:00:00"
"mobile Einheit";"mobile Einheit - Biel Stadt";"Equipe mobile - Bienne Ville";"Palais des Congrès Bienne";"Biel ";"2501";;;"47.135056144224755, 7.248003998580203";"1,2";"true";"2";;;"mRNA";"von 09:00 Uhr bis 16:00 Uhr";"09:00 à 16:00";"2021-11-19T09:00:00";"2021-11-19T16:00:00"
"mobile Einheit";"mobile Einheit - Biel";"Equipe mobile - Bienne";"Rue de la Gare 50 ";"Biel ";"2502";"Integrationsabteilung ";"Service de l'intégration";"47.136116540731805, 7.246274898580169";"1,2";"true";"2";;;"mRNA";"von 13:00 Uhr bis 18:00 Uhr ";"13:00 à 18:00";"2021-11-23T13:00:00";"2021-11-23T18:00:00"
"mobile Einheit";"mobile Einheit - Boltigen";"Equipe mobile - Boltigen";"Weissenbach 530a";"Boltigen";"3766";"Schulhaus Weissenbach";"Ecole Weissenbach";"46.6091384691592, 7.376453271585326";"1,2";"true";"2";;;"mRNA";"von 09:00 Uhr bis 12:00 Uhr";"09:00 à 12:00";"2021-11-17T09:00:00";"2021-11-17T12:00:00"
"mobile Einheit";"mobile Einheit - Boltigen";"Equipe mobile - Boltigen";"Weissenbach 530a";"Boltigen";"3766";"Schulhaus Weissenbach";"Ecole Weissenbach";"46.6091384691592, 7.376453271585326";"1,2";"true";"2";;;"mRNA";"von 09:00 Uhr bis 12:00 Uhr";"09:00 à 12:00";"2021-12-15T09:00:00";"2021-12-15T12:00:00"
"Impftruck";"Impftruck - Centre Brügg";"Camion de vaccination - Centre Brügg";"Erlenstrasse 40 ";"Brügg";"2555";"Centre Brügg";"Centre Brügg";"47.119964392051784, 7.267042567891394";"1";"true";"2";;;"mRNA";"von 11:00 Uhr bis 17:00 Uhr ";"11:00 à 17:00";"2021-11-13T11:00:00";"2021-11-13T17:00:00"
"mobile Einheit";"mobile Einheit - Brügg";"Equipe mobile - Brügg";"Erlenstrasse 11";"Brügg";"2555";"Mehrzweckhalle";"Salle polyvalente";"47.1193817951411, 7.272981240907715";"1,2";"true";"2";;;"mRNA";"von 09:00 Uhr bis 16:00 Uhr";"09:00 à 16:00";"2021-11-16T00:00:00";"2021-11-16T00:00:00"
"mobile Einheit";"mobile Einheit - Brügg";"Equipe mobile - Brügg";"Erlenstrasse 11";"Brügg";"2555";"Mehrzweckhalle";"Salle polyvalente";"47.1193817951411, 7.272981240907715";"1,2";"true";"2";;;"mRNA";"von 09:00 Uhr bis 16:00 Uhr";"09:00 à 16:00";"2021-12-14T00:00:00";"2021-12-14T00:00:00"
"Impftruck";"Impftruck - Brienz";"Camion de vaccination - Brienz";"Hauptstrasse 283";"Brienz";"3855";;;"46.74620846224636, 8.057652225555504";"1,2";"true";"2";;;"mRNA";"von 10:00 Uhr bis 16:00 Uhr ";"10:00 à 16:00";"2021-11-17T10:00:00";"2021-11-17T16:00:00"
"Impftruck";"Impftruck - Burgdorf";"Camion de vaccination - Burgdorf";"Sägegasse 19";"Burgdorf";"3400";"Markthalle Burgdorf AG";"Halle de marché Burgdorf AG";"47.054785622399066, 7.630612336859319";"1";"true";"2";;;"mRNA ";"von 12:00 Uhr bis 18:00 Uhr";"10:00 à 16:00";"2021-11-02T12:00:00";"2021-11-02T18:00:00"
"Impftruck";"Impftruck - Burgdorf";"Camion de vaccination - Burgdorf ";"Sägegasse 19";"Burgdorf";"3400";"Markthalle Burgdorf AG";"Halle de marché Burgdorf AG";"47.054712526928384, 7.630698167890028";"1,2";"true";"2";;;"mRNA";"von 12:00 Uhr bis 18:00 Uhr ";"12:00 à 18:00";"2021-11-30T12:00:00";"2021-11-30T18:00:00"
"Impftruck";"Impftruck - Burgdorf";"Camion de vaccination - Burgdorf ";"Sägegasse 19";"Burgdorf";"3400";"Markthalle Burgdorf AG";"Halle de marché Burgdorf AG";"47.054712526928384, 7.630698167890028";"1,2";"true";"2";;;"mRNA";"von 12:00 Uhr bis 18:00 Uhr ";"12:00 à 18:00";"2021-11-29T12:00:00";"2021-11-29T18:00:00"
"Impftruck";"Impftruck - Burgdorf";"Camion de vaccination - Burgdorf ";"Sägegasse 19";"Burgdorf";"3400";"Markthalle Burgdorf AG";"Halle de marché Burgdorf AG";"47.054712526928384, 7.630698167890028";"1,2";"true";"2";;;"mRNA";"von 08:00 Uhr bis 16:00 Uhr ";"08:00 à 16:00";"2021-12-16T08:00:00";"2021-12-16T16:00:00"
"mobile Einheit";"mobile Einheit - Champoz";"Equipe mobile - Champoz";"Clos Vautier 24c";"Champoz";"2735";"Gemeinschaftliche Unterkunft";"Abri comminal";"47.25834553771341, 7.297003340910694";"1,2";"true";"2";;;"mRNA";"von 10:00 Uhr bis 18:00 Uhr";"10:00 à 18:00";"2021-11-15T10:00:00";"2021-11-15T18:00:00"
"mobile Einheit";"mobile Einheit - Cormoret";"Equipe mobile - Cormoret";"Vielle route 4";"Cormoret";"2612";"Mehrzweckhalle";"Halle Polyvalente";"47.175508838930746, 7.055338483236798";"1,2";"true";"2";;;"mRNA";"von 10:00 Uhr bis 18:00 Uhr";"10:00 à 18:00";"2021-11-18T10:00:00";"2021-11-18T18:00:00"
"mobile Einheit";"mobile Einheit - Cortébert";"Equipe mobile - Cortébert ";"Grand-rue 21";"Cortébert";"2607";"Mehrzweckhalle";"Halle Polyvalente";"47.1915951671116, 7.1100992850896025";"1,2";"true";"2";;;"mRNA";"von 10:00 Uhr bis 18:00 Uhr";"10:00 à 18:00";"2021-11-11T10:00:00";"2021-11-11T18:00:00"
"mobile Einheit";"mobile Einheit - Crémines";"Equipe mobile - Crémines";"Rue du Collège 7";"Crémines";"2746";"Sporthalle";"Halle de gymnastique";"47.28344459852773, 7.4415929274194665";"1";"true";"2";;;"mRNA";"von 10:00 Uhr bis 18:00 Uhr";"10:00 à 18:00";"2021-11-11T10:00:00";"2021-11-11T18:00:00"
"mobile Einheit";"mobile Einheit - Därligen";"Equipe mobile - Därligen";"Chrützweg 2";"Därligen";"3707";"Gemeindeverwaltung";"Administration municipale";"46.6621396799354, 7.809634869734035";"1,2";"true";"2";;;"mRNA";"von 16:30 Uhr bis 18:30 Uhr";"16:30 à 18:30";"2021-11-25T16:30:00";"2021-11-25T18:30:00"
"mobile Einheit";"mobile Einheit - Därligen";"Equipe mobile - Därligen";"Chrützweg 2";"Därligen";"3707";"Gemeindeverwaltung";"Administration municipale";"46.6621396799354, 7.809634869734035";"1,2";"true";"2";;;"mRNA";"von 16:30 Uhr bis 18:30 Uhr";"16:30 à 18:30";"2021-12-23T16:30:00";"2021-12-23T18:30:00"
"mobile Einheit";"mobile Einheit - Leubringen";"Equipe mobile - Leubringen";"Chemin de la Baumes 1";"Evilard";"2533";;;"47.149707409783176, 7.238558182902077";"1,2";"true";"2";;;"mRNA";"von 09:00 Uhr bis 16:00 Uhr";"09:00 à 16:00";"2021-11-24T09:00:00";"2021-11-24T16:00:00"
"mobile Einheit";"mobile Einheit - Leubringen";"Equipe mobile - Leubringen";"Chemin de la Baumes 1";"Evilard";"2533";;;"47.149707409783176, 7.238558182902077";"1,2";"true";"2";;;"mRNA";"von 09:00 Uhr bis 16:00 Uhr";"09:00 à 16:00";"2021-12-22T09:00:00";"2021-12-22T16:00:00"
"mobile Einheit";"mobile Einheit - Gsteig";"Equipe mobile - Gsteig";"Gässli 1";"Feutersoey";"3784";"Mehrzweckraum ehemaliges Schulhaus";"Salle polyvalente de l'ancien bâtiment scolaire";"46.41516839195059, 7.2708463408927235";"1";"true";"2";;;"mRNA";"von 09:30 Uhr bis 12:30 Uhr";"09:30 à 12:30";"2021-11-08T09:30:00";"2021-11-08T12:30:00"
"mobile Einheit";"mobile Einheit - Gsteig";"Equipe mobile - Gsteig";"Gässli 1";"Feutersoey";"3784";"Mehrzweckraum ehemaliges Schulhaus";"Salle polyvalente de l'ancien bâtiment scolaire";"46.41516839195059, 7.2708463408927235";"1,2";"true";"2";;;"mRNA";"von 09:30 Uhr bis 12:30 Uhr";"09:30 à 12:30";"2021-12-06T09:30:00";"2021-12-06T12:30:00"
"Impftruck";"Impftruck - Frutigen ";"Camion de vaccination - Frutigen";"Marktplatz";"Frutigen ";"3714";"Marktplatz";"Place de marché";"46.58727700064507, 7.64419781160716";"1";"true";"2";;;"mRNA";"von 10:00 Uhr bis 16:00 Uhr ";"10:00 à 16:00";"2021-11-04T10:00:00";"2021-11-04T16:00:00"
"Impftruck";"Impftruck - Frutigen ";"Camion de vaccinatin - Frutigen";"Marktplatz";"Frutigen ";"3714";"Marktplatz";"Place de marché";"46.58727700064507, 7.64419781160716";"1,2";"true";"2";;;"mRNA";"von 10:00 Uhr bis 18:00 Uhr ";"10:00 à 18:00";"2021-12-02T10:00:00";"2021-12-02T18:00:00"
"Impftruck";"Impftruck - Frutigen ";"Camion de vaccinatin - Frutigen";"Marktplatz";"Frutigen ";"3714";"Marktplatz";"Place de marché";"46.58727700064507, 7.64419781160716";"1,2";"true";"2";;;"mRNA";"von 10:00 Uhr bis 18:00 Uhr ";"10:00 à 18:00";"2021-12-03T10:00:00";"2021-12-03T18:00:00"
"mobile Einheit";"mobile Einheit - Täuffelen";"Equipe mobile - Täuffelen";"Hauptstrasse 30";"Gerolfingen";"2575";"Restaurant Züttel";"Restaurant Züttel";"47.07526804772419, 7.201104111559659";"1,2";"true";"2";;;"mRNA";"von 09:00 Uhr bis 16:00 Uhr";"09:00 à 16:00";"2021-11-19T09:00:00";"2021-11-19T16:00:00"
"mobile Einheit";"mobile Einheit - Täuffelen";"Equipe mobile - Täuffelen";"Hauptstrasse 30";"Gerolfingen";"2575";"Restaurant Züttel";"Restaurant Züttel";"47.07526804772419, 7.201104111559659";"1,2";"true";"2";;;"mRNA";"von 09:00 Uhr bis 16:00 Uhr";"09:00 à 16:00";"2021-12-17T09:00:00";"2021-12-17T16:00:00"
"mobile Einheit";"mobile Einheit - Grandval";"Equipe mobile - Grandval";"Grand-rue 29";"Grandval";"2745";"Gemeinschaftszentrum";"Centre communal";"47.28333034251645, 7.422815513927637";"1";"true";"2";;;"mRNA";"von 10:00 Uhr bis 18:00 Uhr";"10:00 à 18:00";"2021-11-16T10:00:00";"2021-11-16T18:00:00"
"mobile Einheit";"mobile Einheit - Gunten";"Equipe mobile - Gunten";"Schönbergstrasse 1";"Gunten";"3654";"Dorflokal Gunten";"pub du village";"46.71360958389217, 7.701975113915402";"1,2";"true";"2";;;"mRNA";"von 16:00 Uhr bis 19:30 Uhr";"16:00 à 19:30";"2021-11-18T16:00:00";"2021-11-18T19:30:00"
"mobile Einheit";"mobile Einheit - Gunten";"Equipe mobile - Gunten";"Schönbergstrasse 1";"Gunten";"3654";"Dorflokal Gunten";"pub du village";"46.71360958389217, 7.701975113915402";"1,2";"true";"2";;;"mRNA";"von 16:00 Uhr bis 19:30 Uhr";"16:00 à 19:30";"2021-12-16T16:00:00";"2021-12-16T19:30:00"
"mobile Einheit";"mobile Einheit - Habkern";"Equipe mobile - Habkern";"Im Holz 373";"Habkern";"3804";;;"46.72712147476606, 7.864595698159249";"1,2";"true";"2";;;"mRNA";"von 16:30 Uhr bis 18:30 Uhr";"16.30 à 18:30";"2021-11-22T16:30:00";"2021-11-22T18:30:00"
"mobile Einheit";"mobile Einheit - Habkern";"Equipe mobile - Habkern";"Im Holz 373";"Habkern";"3804";;;"46.72712147476606, 7.864595698159249";"1,2";"true";"2";;;"mRNA";"von 16:30 Uhr bis 18:30 Uhr";"16.30 à 18:30";"2021-12-20T16:30:00";"2021-12-20T18:30:00"
"mobile Einheit";"mobile Einheit - Heimberg";"Equipe mobile Heimberg";"Schulstrasse 14a";"Heimberg";"3627";"Aula Untere Au";"Auditorium Untere Au";"46.78964312463317, 7.599916956244888";"1,2";"true";"2";;;"mRNA";"von 08:30 Uhr bis 16:30 Uhr";"08:30 à 16:30";"2021-11-19T08:30:00";"2021-11-19T16:30:00"
"mobile Einheit";"mobile Einheit - Heimberg";"Equipe mobile Heimberg";"Schulstrasse 14a";"Heimberg";"3627";"Aula Untere Au";"Auditorium Untere Au";"46.78964312463317, 7.599916956244888";"1,2";"true";"2";;;"mRNA";"von 08:30 Uhr bis 16:30 Uhr";"08:30 à 16:30";"2021-12-17T08:30:00";"2021-12-17T16:30:00"
"Impftruck";"Impftruck - Herzogenbuchsee";"Camion de vaccination - Herogenbuchsee";"Mittelholzstrasse 2";"Herzogenbuchsee";"3360";"Dreifachturnhalle Mittelholz";"Gymnase Mittelholz";"47.18753481454915, 7.716203469745275";"1";"true";"2";;;"mRNA";"von 10:00 Uhr bis 16:00 Uhr ";"10:00 à 16:00";"2021-11-09T10:00:00";"2021-11-09T16:00:00"
"Impftruck";"Impftruck - Herzogenbuchsee";"Camion de vaccination - Herzogenbuchsee";"Mittelholzstrasse 2";"Herzogenbuchsee";"3360";"Dreifachturnhalle Mittelholz";"Gymnase Mittelholz";"47.18753481454915, 7.716203469745275";"1,2";"true";"2";;;"mRNA";"von 10:00 Uhr bis 16:00 Uhr ";"10:00 à 16:00";"2021-12-07T10:00:00";"2021-12-07T16:00:00"
"mobile Einheit";"mobile Einheit - Hofstetten";"Equipe mobile - Hofstetten";"Scheidweg 4";"Hofstetten b. Brienz";"3858";"Gemeindeverwaltung";"Administration municipale";"46.75418729490139, 8.074930156244163";"1,2";"true";"2";;;"mRNA";"von 10:00 Uhr bis 12:00 Uhr";"10:00 à 12:00";"2021-11-16T10:00:00";"2021-11-16T12:00:00"
"mobile Einheit";"mobile Einheit - Hofstetten";"Equipe mobile - Hofstetten";"Scheidweg 4";"Hofstetten b. Brienz";"3858";"Gemeindeverwaltung";"Administration municipale";"46.75418729490139, 8.074930156244163";"1,2";"true";"2";;;"mRNA";"von 10:00 Uhr bis 12:00 Uhr";"10:00 à 12:00";"2021-12-14T10:00:00";"2021-12-14T12:00:00"
"mobile Einheit";"mobile Einheit - Innertkirchen";"Equipe mobile - Innertkirchen";"Grimselstrasse 1";"Innertkirchen";"3862";"Sitzungszimmer Gemeindehaus";"salle de réunion centre communautaire";"46.70519768316626, 8.22978085439074";"1,2";"true";"2";;;"mRNA";"von 16.00 Uhr bis 18:30 Uhr";"16.00 à 18:30";"2021-11-18T16:00:00";"2021-11-18T18:30:00"
"mobile Einheit";"mobile Einheit - Innertkirchen";"Equipe mobile - Innertkirchen";"Grimselstrasse 1";"Innertkirchen";"3862";"Sitzungszimmer Gemeindehaus";"salle de réunion centre communautaire";"46.70519768316626, 8.22978085439074";"1,2";"true";"2";;;"mRNA";"von 16.00 Uhr bis 18:30 Uhr";"16.00 à 18:30";"2021-12-16T16:00:00";"2021-12-16T18:30:00"
"mobile Einheit";"mobile Einheit - Ins";"Equipe mobile - Ins";"Dorfplatz 2";"Ins";"3232";"Gemeindehaus";"Centre communautaire";"47.00637964864025, 7.105113383233191";"1,2";"true";"2";;;"mRNA";"von 10:00 Uhr bis 16:00 Uhr ";"10:00 à 16:00";"2021-11-13T10:00:00";"2021-11-13T16:00:00"
"mobile Einheit";"mobile Einheit - Interlaken";"Equipe mobile - Interlaken";"Alpenstrasse 5";"Interlaken";"3800";"Aula";;"46.68539153984386, 7.862506426993899";"1,2";"true";"2";;;"mRNA";"von 14:00 Uhr bis 17:30 Uhr";"14:00 à 17:30 ";"2021-11-19T14:00:00";"2021-11-19T17:30:00"
"mobile Einheit";"mobile Einheit - Interlaken";"Equipe mobile - Interlaken";"Alpenstrasse 5";"Interlaken";"3800";"Aula";;"46.68539153984386, 7.862506426993899";"1,2";"true";"2";;;"mRNA";"von 14:00 Uhr bis 17:30 Uhr";"14:00 à 17:30 ";"2021-12-17T14:00:00";"2021-12-17T17:30:00"
"mobile Einheit";"mobile Einheit - Ipsach";"Equipe mobile - Ipsach";"Dorfstrasse 8";"Ipsach";"2563";"Gemeindezentrum";"Centre communautaire";"47.11520120577632, 7.234519825563418";"1,2";"true";"2";;;"mRNA";"von 09:00 Uhr bis 16:00 Uhr";"09:00 à 16:00";"2021-11-18T00:00:00";"2021-11-18T00:00:00"
"mobile Einheit";"mobile Einheit - Ipsach";"Equipe mobile - Ipsach";"Dorfstrasse 8";"Ipsach";"2563";"Gemeindezentrum";"Centre communautaire";"47.11520120577632, 7.234519825563418";"1,2";"true";"2";;;"mRNA";"von 09:00 Uhr bis 16:00 Uhr";"09:00 à 16:00";"2021-12-16T00:00:00";"2021-12-16T00:00:00"
"mobile Einheit";"mobile Einheit - Iseltwald";"Equipe mobile - Iseltwald";"Marderbach 15f";"Iseltwald";"3807";"Sitzungszimmer Gemeindeverwaltung";"salle de réunion administration municipale";"46.71100166655415, 7.9670566697350775";"1,2";"true";"2";;;"mRNA";"von 09:30 Uhr bis 11:30 Uhr";"09:30 à 11:30";"2021-11-19T09:30:00";"2021-11-19T11:30:00"
"mobile Einheit";"mobile Einheit - Iseltwald";"Equipe mobile - Iseltwald";"Marderbach 15f";"Iseltwald";"3807";"Sitzungszimmer Gemeindeverwaltung";"salle de réunion administration municipale";"46.71100166655415, 7.9670566697350775";"1,2";"true";"2";;;"mRNA";"von 09:30 Uhr bis 11:30 Uhr";"09:30 à 11:30";"2021-12-17T09:30:00";"2021-12-17T11:30:00"
"Impftruck";"Impftruck - Ittigen";"Camion de vaccination - Ittigen";"Rain 7";"Ittigen";"3063";;;"46.976687324683326, 7.478691098576802";"1,2";"true";"2";;;"mRNA";"von 10:00 Uhr bis 16:00 Uhr";"10:00 à 16:00";"2021-11-22T10:00:00";"2021-11-22T16:00:00"
"Impftruck";"Impftruck - Ittigen";"Camion de vaccination - Ittigen";"Rain 7";"Ittigen";"3063";;;"46.976687324683326, 7.478691098576802";"1,2";"true";"2";;;"mRNA";"von 10:00 Uhr bis 16:00 Uhr";"10:00 à 16:00";"2021-12-20T10:00:00";"2021-12-20T16:00:00"
"Impftruck";"Impftruck - Köniz";"Camion de vaccination Köniz";"Muhlernstrasse 11";"Köniz";"3098";;;"46.92084973696775, 7.414170683231394";"1,2";"true";"2";;;"mRNA";"von 10:00 Uhr bis 16:00 Uhr ";"10:00 à 16:00";"2021-11-25T10:00:00";"2021-11-25T16:00:00"
"mobile Einheit";"mobile Einheit - Krattigen";"Equipe mobile - Krattigen";"Dorfplatz 4";"Krattigen";"3704";"Gemeindesaal";"Salle communautaire";"46.661280728860106, 7.726861656242223";"1,2";"true";"2";;;"mRNA";"von 09:30 Uhr bis 11:30 Uhr";"09:30 à 11:30";"2021-11-17T09:30:00";"2021-11-17T11:30:00"
"mobile Einheit";"mobile Einheit - Krattigen";"Equipe mobile - Krattigen";"Dorfplatz 4";"Krattigen";"3704";"Gemeindesaal";"Salle communautaire";"46.661280728860106, 7.726861656242223";"1,2";"true";"2";;;"mRNA";"von 09:30 Uhr bis 11:30 Uhr";"09:30 à 11:30";"2021-12-15T09:30:00";"2021-12-15T11:30:00"
"mobile Einheit";"mobile Einheit - Péry / la Heutte";"Equipe mobile - Péry / la Heutte";"Chemin de college 37";"La Heutte";"2604";;;"47.19213365612872, 7.23348509858143";"1";"true";"2";;;"mRNA";"von 09:00 Uhr bis 16:00 Uhr";"09:00 à 16:00";"2021-11-09T00:00:00";"2021-11-09T00:00:00"
"mobile Einheit";"mobile Einheit - Péry / la Heutte";"Equipe mobile - Péry / la Heutte";"Chemin de college 37";"La Heutte";"2604";;;"47.19213365612872, 7.23348509858143";"1";"true";"2";;;"mRNA";"von 09:00 Uhr bis 16:00 Uhr";"09:00 à 16:00";"2021-12-07T00:00:00";"2021-12-07T00:00:00"
"mobile Einheit";"mobile Einheit - La Scheulte";"Equipe mobile - La Scheulte";"Rütischür";"La Scheulte";"2827";;;"47.33519785766751, 7.552169312076325";"1,2";"true";"2";;;"mRNA";"von 10:00 Uhr bis 18:00 Uhr";"10:00 à 18:00";"2021-11-24T10:00:00";"2021-11-24T18:00:00"
"mobile Einheit";"mobile Einheit - Lütschental";"Equipe mobile - Lütschental";"Briggmättli 38";"Lütschental";"3816";"Gemeindeverwaltung";"Administration municipale";"46.6383345073343, 7.948569298569589";"1,2";"true";"2";;;"mRNA";"von 13:00 Uhr bis 14:30 Uhr";"13:00 à 14:30";"2021-11-25T13:00:00";"2021-11-25T14:30:00"
"mobile Einheit";"mobile Einheit - Lütschental";"Equipe mobile - Lütschental";"Briggmättli 38";"Lütschental";"3816";"Gemeindeverwaltung";"Administration municipale";"46.6383345073343, 7.948569298569589";"1,2";"true";"2";;;"mRNA";"von 13:00 Uhr bis 14:30 Uhr";"13:00 à 14:30";"2021-12-23T13:00:00";"2021-12-23T14:30:00"
"Impftruck";"Impftruck - Langnau";"Camion de vaccination - Langnau";"Güterstrasse 20";"Langnau";"3550";"Kuperschmiede";"Kuperschmiede";"46.93700692402409, 7.7872775562480445";"1,2";"true";"2";;;"mRNA";"von 08:00 Uhr bis 14:00 Uhr und von 15:00 Uhr bis 18:00 Uhr";"de 08:00 à 14:00 et de 15:00 à 18:00";"2021-12-01T08:00:00";"2021-12-01T18:00:00"
"Impftruck";"Impftruck - Langnau";"Camion de vaccination - Langnau";"Güterstrasse 20";"Langnau";"3550";"Kuperschmiede";"Kuperschmiede";"46.93700692402409, 7.7872775562480445";"1,2";"true";"2";;;"mRNA";"von 08:00 Uhr bis 14:00 Uhr und von 15:00 Uhr bis 18:00 Uhr";"de 08:00 à 14:00 et de 15:00 à 18:00";"2021-12-17T08:00:00";"2021-12-17T18:00:00"
"Impftruck";"Impftruck - Langnau";"Camion de vaccination - Langnau";"Güterstrasse 20";"Langnau";"3550";"Kuperschmiede";"Kuperschmiede";"46.93700692402409, 7.7872775562480445";"1,2";"true";"2";;;"mRNA";"von 08:00 Uhr bis 14:00 Uhr und von 15:00 Uhr bis 18:00 Uhr";"de 08:00 à 14:00 et de 15:00 à 18:00";"2021-12-18T08:00:00";"2021-12-18T18:00:00"
"mobile Einheit";"mobile Einheit - Lauenen";"Equipe mobile - Lauenen";"Kirchstrasse 15";"Lauenen";"3782";"Mehrzweckhalle";"Salle polyvalente";"46.42461537534587, 7.321497913909268";"1";"true";"2";;;"mRNA";"von 15:00 Uhr bis 18:00 Uhr";"15:00 à 18:00";"2021-11-08T15:00:00";"2021-11-08T18:00:00"
"mobile Einheit";"mobile Einheit - Lauenen";"Equipe mobile - Lauenen";"Kirchstrasse 15";"Lauenen";"3782";"Mehrzweckhalle";"Salle polyvalente";"46.42461537534587, 7.321497913909268";"1,2";"true";"2";;;"mRNA";"von 15:00 Uhr bis 18:00 Uhr";"15:00 à 18:00";"2021-12-06T15:00:00";"2021-12-06T18:00:00"
"Impftruck";"Impftruck - Laupen ";"Camion de vaccination - Laupen";"Neuengasse 4";"Laupen";"3177";"Gemeindehaus";"Centre communautaire";"46.90258799972615, 7.238844856247312";"1,2";"true";"2";;;"mRNA";"von 10:00 Uhr bis 16:00 Uhr ";"10:00 à 16:00";"2021-11-23T10:00:00";"2021-11-23T16:00:00"
"mobile Einheit";"mobile Einheit - Lauterbrunnen";"Equipe mobile - Lauterbrunnen";"Beim Alten Schulhaus";"Lauterbrunnen";"3822";;;"46.59362576314586, 7.907168507834214";"1,2";"true";"2";;;"mRNA";"von 15:30 Uhr bis 19:00 Uhr";"15:30 à 19:00";"2021-11-16T15:30:00";"2021-11-16T19:00:00"
"mobile Einheit";"mobile Einheit - Lauterbrunnen";"Equipe mobile - Lauterbrunnen";"Beim Alten Schulhaus";"Lauterbrunnen";"3822";;;"46.59362576314586, 7.907168507834214";"1,2";"true";"2";;;"mRNA";"von 15:30 Uhr bis 19:00 Uhr";"15:30 à 19:00";"2021-12-14T15:30:00";"2021-12-14T19:00:00"
"mobile Einheit";"mobile Einheit - Leissigen";"Equipe mobile - Leissigen";"Nythartweg 1";"Leissigen";"3706";"Sitzungszimmer Gemeindeverwaltung";"salle de réunion administration municipale";"46.65431261442312, 7.773857298569927";"1,2";"true";"2";;;"mRNA";"von 14:00 Uhr bis 16:00 Uhr";"14:00 à 16:00";"2021-11-17T14:00:00";"2021-11-17T16:00:00"
"mobile Einheit";"mobile Einheit - Leissigen";"Equipe mobile - Leissigen";"Nythartweg 1";"Leissigen";"3706";"Sitzungszimmer Gemeindeverwaltung";"salle de réunion administration municipale";"46.65431261442312, 7.773857298569927";"1,2";"true";"2";;;"mRNA";"von 14:00 Uhr bis 16:00 Uhr";"14:00 à 16:00";"2021-12-15T14:00:00";"2021-12-15T16:00:00"
"mobile Einheit";"mobile Einheit - Lengnau";"Equipe mobile - Lengnau";"Küpfgasse 8";"Lengnau";"2543";"Im Foyer der neuen Sporthalle Lengnau";"Dans le foyer de la nouvelle salle de sport de lengnau";"47.18258479557851, 7.370597513925481";"1,2";"true";"2";;;"mRNA";"von 09:00 Uhr bis 16:00 Uhr";"09:00 à 16:00";"2021-11-23T00:00:00";"2021-11-23T00:00:00"
"mobile Einheit";"mobile Einheit - Lengnau";"Equipe mobile - Lengnau";"Küpfgasse 8";"Lengnau";"2543";"Im Foyer der neuen Sporthalle Lengnau";"Dans le foyer de la nouvelle salle de sport de lengnau";"47.18258479557851, 7.370597513925481";"1,2";"true";"2";;;"mRNA";"von 09:00 Uhr bis 16:00 Uhr";"09:00 à 16:00";"2021-12-21T00:00:00";"2021-12-21T00:00:00"
"Impftruck";"Impftruck - Lenk";"Camion de vaccination - Lenk";"Oberriedstrasse 15";"Lenk";"3775";"Parkplatz Sportanlage TEC";"Parking centre sportif TEC";"46.45522977980089, 7.443984729254129";"1,2";"true";"2";;;"mRNA";"von 10:00 Uhr bis 16:00 Uhr ";"10:00 à 16:00";"2021-11-19Z10:00:00";"2021-11-19T16:00:00"
"mobile Einheit";"mobile Einheit - Lenk";"Equipe mobile - Lenk";"Schulhausstrasse 2";"Lenk";"3775";"Gesamtschulhaus";"école complète";"46.4559299301324, 7.444898312057541";"1,2";"true";"2";;;"mRNA";"von 09:00 Uhr bis 13:00 Uhr";"09:00 à 13:00";"2021-11-20T09:00:00";"2021-11-20T13:00:00"
"mobile Einheit";"mobile Einheit - Lenk";"Equipe mobile - Lenk";"Schulhausstrasse 2";"Lenk";"3775";"Gesamtschulhaus";"école complète";"46.4559299301324, 7.444898312057541";"1,2";"true";"2";;;"mRNA";"von 09:00 Uhr bis 13:00 Uhr";"09:00 à 13:00";"2021-12-18T09:00:00";"2021-12-18T13:00:00"
"Impftruck";"Impftruck - Meiringen";"Camion de vaccination - Meiringen";"Bahnhofplatz 2";"Meiringen";"3860";"Tramhalle";;"46.72817495112864, 8.183830052538736";"1,2";"true";"2";;;"mRNA";"von 10:00 Uhr bis 16:00 Uhr ";"10:00 à 16:00";"2021-11-20T10:00:00";"2021-11-20T16:00:00"
"mobile Einheit";"mobile Einheit - Moutier";"Equipe mobile - Moutier";"Rue Industrielle 111";"Moutier";"2740";"Tornos SA";"Tornos SA";"47.27176961478932, 7.36305288509129";"1";"true";"2";;;"mRNA";"von 10:00 Uhr bis 18:00 Uhr";"10:00 à 18:00";"2021-11-12T10:00:00";"2021-11-12T18:00:00"
"mobile Einheit";"mobile Einheit - Nidau";"Equipe mobile - Nidau";"Hauptstrasse 73";"Nidau";"2560";"Neben der deutschen Bibliothek";"à côté de la bibliothèque allemande";"47.12456357895377, 7.241175253890132";"1,2";"true";"2";;;"mRNA";"von 09:00 Uhr bis 16:00 Uhr";"09:00 à 16:00";"2021-11-25T09:00:00";"2021-11-25T16:00:00"
"mobile Einheit";"mobile Einheit - Nidau";"Equipe mobile - Nidau";"Hauptstrasse 73";"Nidau";"2560";"Neben der deutschen Bibliothek";"à côté de la bibliothèque allemande";"47.12456357895377, 7.241175253890132";"1,2";"true";"2";;;"mRNA";"von 09:00 Uhr bis 16:00 Uhr";"09:00 à 16:00";"2021-12-23T09:00:00";"2021-12-23T16:00:00"
"Impftruck";"Impftruck - Niederbipp";"Camion de vaccination - Niederbipp";"Räberhus, Hintergasse 5";"Niederbipp";"4704";;;"47.267051167720396, 7.695883654402719";"1";"true";"2";;;"mRNA";"von 10:00 Uhr bis 16:00 Uhr ";"10:00 à 16:00";"2021-11-12T10:00:00";"2021-11-12T16:00:00"
"mobile Einheit";"mobile Einheit - Niederried";"Equipe mobile - Niederried";"Hauptstrasse 313";"Niederried";"3853";"Gemeindesaal";"Salle communautaire";"46.71818327927569, 7.929647056243375";"1,2";"true";"2";;;"mRNA";"von 09:30 Uhr bis 11:30 Uhr";"09:30 à 11:30";"2021-11-18T09:30:00";"2021-11-18T11:30:00"
"mobile Einheit";"mobile Einheit - Niederried";"Equipe mobile - Niederried";"Hauptstrasse 313";"Niederried";"3853";"Gemeindesaal";"Salle communautaire";"46.71818327927569, 7.929647056243375";"1,2";"true";"2";;;"mRNA";"von 09:30 Uhr bis 11:30 Uhr";"09:30 à 11:30";"2021-12-16T09:30:00";"2021-12-16T11:30:00"
"mobile Einheit";"mobile Einheit - Oberdiessbach";"Equipe mobile - Oberdiessbach";"Kirchstrasse 1";"Oberdiessbach";"3672";"Kirchgemeindehaus";"Salle paroissiale";"46.84061560614492, 7.619648398573897";"1";"true";"2";;;"mRNA";"von 09:00 Uhr bis 16:00 Uhr";"09:00 à 16:00";"2021-11-09T09:00:00";"2021-11-09T16:00:00"
"mobile Einheit";"mobile Einheit - Oberdiessbach";"Equipe mobile - Oberdiessbach";"Kirchstrasse 1";"Oberdiessbach";"3672";"Kirchgemeindehaus";"Salle paroissiale";"46.84061560614492, 7.619648398573897";"1,2";"true";"2";;;"mRNA";"von 09:00 Uhr bis 16:00 Uhr";"09:00 à 16:00";"2021-12-07T09:00:00";"2021-12-07T16:00:00"
"mobile Einheit";"mobile Einheit - Oberhofen, Hilterfingen, Hünibach";"Equipe mobile - Oberhofen, Hilterfingen, Hünibach";"Richtstattstrasse 12";"Oberhofen";"3653";"Halle am Riderbach";"Salle au Riderbach";"46.72995231230315, 7.672207312063376";"1";"true";"2";;;"mRNA";"von 09:00 Uhr bis 16:00 Uhr";"09:00 à 16:00";"2021-11-10T09:00:00";"2021-11-10T16:00:00"
"mobile Einheit";"mobile Einheit - Oberhofen, Hilterfingen, Hünibach";"Equipe mobile - Oberhofen, Hilterfingen, Hünibach";"Richtstattstrasse 12";"Oberhofen";"3653";"Halle am Riderbach";"Salle au Riderbach";"46.72995231230315, 7.672207312063376";"1,2";"true";"2";;;"mRNA";"von 09:00 Uhr bis 16:00 Uhr";"09:00 à 16:00";"2021-12-08T09:00:00";"2021-12-08T16:00:00"
"mobile Einheit";"mobile Einheit - Orpund";"Equipe mobile - Orpund";"Gottstattstrasse 12";"Orpund";"2552";"Gemeindehaus";"Centre communautaire";"47.13789434957246, 7.312375298580229";"1,2";"true";"2";;;"mRNA";"von 09:00 Uhr bis 16:00 Uhr";"09:00 à 16:00";"2021-11-17T00:00:00";"2021-11-17T00:00:00"
"mobile Einheit";"mobile Einheit - Orpund";"Equipe mobile - Orpund";"Gottstattstrasse 12";"Orpund";"2552";"Gemeindehaus";"Centre communautaire";"47.13789434957246, 7.312375298580229";"1,2";"true";"2";;;"mRNA";"von 09:00 Uhr bis 16:00 Uhr";"09:00 à 16:00";"2021-12-15T00:00:00";"2021-12-15T00:00:00"
"mobile Einheit";"mobile Einheit - Orvin";"Equipe mobile - Orvin";"La Charrière 6";"Orvin";"2534";"Primarschule";"Bâtiment école primaire";"47.16203643989652, 7.214376556252927";"1,2";"true";"2";;;"mRNA";"von 10:00 Uhr bis 18:00 Uhr";"10:00 à 18:00";"2021-11-10T10:00:00";"2021-11-10T18:00:00"
"Impftruck";"Impftruck - Pieterlen";"Camion de vaccination - Pieterlen ";"Metzgergasse 3";"Pieterlen ";"2542";"Parkplatz befindet sich zwischen Metzgergasse 3 und Hauptplatzstrasse 23";"Le parking se trouve entre Metzgergasse 3 et Hauptplatzstrasse 23.";"47.17466082560873, 7.335284293023783";"1,2";"true";"2";;;"mRNA";"von 10:00 Uhr bis 16:00 Uhr";"10:00 à 16:00";"2021-11-16T10:00:00";"2021-11-16T16:00:00"
"mobile Einheit";"mobile Einheit - Reconvilier";"Equipe mobile - Reconvilier";"Vie des Crêts 49";"Reconvilier";"2732";;"Buvette Tennis Halle des Fêtes";"47.230161717771615, 7.225924685090426";"1,2";"true";"2";;;"mRNA";"von 10:00 Uhr bis 18:00 Uhr";"10:00 à 18:00";"2021-11-15T10:00:00";"2021-11-15T18:00:00"
"mobile Einheit";"mobile Einheit - Reconvilier";"Equipe mobile - Reconvilier";"Vie des Crêts 49";"Reconvilier";"2732";;"Buvette Tennis Halle des Fêtes";"47.230161717771615, 7.225924685090426";"1,2";"true";"2";;;"mRNA";"von 10:00 Uhr bis 18:00 Uhr";"10:00 à 18:00";"2021-11-16T10:00:00";"2021-11-16T18:00:00"
"mobile Einheit";"mobile Einheit - Renan";"Equipe mobile - Renan";"Rue du Collège";"Renan";"2616";"Gemeinschaftszentrum";"Centre communal ";"47.127989372287956, 6.929350040907933";"1,2";"true";"2";;;"mRNA";"von 10:00 Uhr bis 18:00 Uhr";"10:00 à 18:00";"2021-11-17T10:00:00";"2021-11-17T18:00:00"
"Impftruck";"Impftruck - Riggisberg";"Camion de vaccination - Riggisberg";"Gurnigelstrasse 6";"Riggisberg ";"3132";"Hinter Bäckerei Steiner";"Derrière la boulangerie";"46.80989814018887, 7.47750088508138";"1,2";"true";"2";;;"mRNA";"von 10:00 Uhr bis 16:00 Uhr ";"10:00 à 16:00";"2021-11-24T10:00:00";"2021-11-24T16:00:00"
"Impftruck";"Impftruck - Saanen";"Camion de vaccination - Saanen";"Bahnhofgässli 5 ";"Saanen";"3792";;;"46.48888930114746, 7.261023227402449";"1";"true";"2";;;"mRNA";"von 10:00 Uhr bis 16:00 Uhr ";"10:00 à 16:00";"2021-11-06T10:00:00";"2021-11-06T16:00:00"
"Impftruck";"Impftruck - Saanen";"Camion de vaccination - Saanen";"Bahnhofgässli 5 ";"Saanen";"3792";;;"46.48888930114746, 7.261023227402449";"1,2";"true";"2";;;"mRNA";"von 10:00 Uhr bis 16:00 Uhr";"10:00 à 16:00";"2021-12-04T08:00:00";"2021-12-04T16:00:00"
"mobile Einheit";"mobile Einheit - Sauges";"Equipe mobile - Sauges";"Haut du village 8";"Sauges";"2536";"Plagne, Verwaltung";"Plagne, Administration";"47.18832479496374, 7.286156640909214";"1,2";"true";"2";;;"mRNA";"von 10:00 Uhr bis 18:00 Uhr";"10:00 à 18:00";"2021-11-17T10:00:00";"2021-11-17T18:00:00"
"mobile Einheit";"mobile Einheit - Sigriswil";"Equipe mobile - Sigriswil";"Raftstrasse 30";"Sigriswil";"3655";"Mehrzweckgebäude";"Salle polyvalente";"46.71785833569017, 7.710283654390971";"1,2";"true";"2";;;"mRNA";"von 16:00 Uhr bis 19:30 Uhr";"16:00 à 19:30";"2021-11-18T16:00:00";"2021-11-18T19:30:00"
"mobile Einheit";"mobile Einheit - Sigriswil";"Equipe mobile - Sigriswil";"Raftstrasse 30";"Sigriswil";"3655";"Mehrzweckgebäude";"Salle polyvalente";"46.71785833569017, 7.710283654390971";"1,2";"true";"2";;;"mRNA";"von 16:00 Uhr bis 19:30 Uhr";"16:00 à 19:30";"2021-12-16T16:00:00";"2021-12-16T19:30:00"
"mobile Einheit";"mobile Einheit - Sonvilier";"Equipe mobile - Sonvilier";"La Ruette 24";"Sonvilier";"2615";"Gemeinschaftszentrum";"Centre communal ";"47.13723124054612, 6.96167049858024";"1,2";"true";"2";;;"mRNA";"von 10:00 Uhr bis 18:00 Uhr";"10:00 à 18:00";"2021-11-23T10:00:00";"2021-11-23T18:00:00"
"mobile Einheit";"mobile Einheit - Studen";"Equipe mobile - Studen";"Hauptstrasse 61";"Studen";"2557";"Im Erdgeschoss des Gemeindehauses";"au rez-de-chaussée du centre communautaire";"47.11492410000649, 7.300751071596132";"1";"true";"2";;;"mRNA";"von 09:00 Uhr bis 16:00 Uhr";"09:00 à 16:00";"2021-11-12T00:00:00";"2021-11-12T00:00:00"
"mobile Einheit";"mobile Einheit - Studen";"Equipe mobile - Studen";"Hauptstrasse 61";"Studen";"2557";"Im Erdgeschoss des Gemeindehauses";"au rez-de-chaussée du centre communautaire";"47.11492410000649, 7.300751071596132";"1";"true";"2";;;"mRNA";"von 09:00 Uhr bis 16:00 Uhr";"09:00 à 16:00";"2021-12-10T00:00:00";"2021-12-10T00:00:00"
"Impftruck";"Impftruck - Thun";"Camion de vaccination - Thun";"Lachenparkplatz";"Thun";"3604";;;"46.74057570699909, 7.6279570089684245";"1";"true";"2";;;"mRNA";"von 16:00 Uhr bis 22:00 Uhr";"16:00 à 22:00";"2021-11-08T16:00:00";"2021-11-08T22:00:00"
"mobile Einheit";"mobile Einheit - Uetendorf & Uttigen";"Equipe mobile - Uetendorf & Uttigen";"Moosweg 2";"Uetendorf";"3662";"Zehntenhaus";"Zehntenhaus";"46.775025931023855, 7.568409685080676";"1,2";"true";"2";;;"mRNA";"von 08:30 Uhr bis 16:30 Uhr";"08:30 à 16:30";"2021-11-16T08:30:00";"2021-11-16T16:30:00"
"mobile Einheit";"mobile Einheit - Uetendorf & Uttigen";"Equipe mobile - Uetendorf & Uttigen";"Moosweg 2";"Uetendorf";"3662";"Zehntenhaus";"Zehntenhaus";"46.775025931023855, 7.568409685080676";"1,2";"true";"2";;;"mRNA";"von 08:30 Uhr bis 16:30 Uhr";"08:30 à 16:30";"2021-12-14T08:30:00";"2021-12-14T16:30:00"
"mobile Einheit";"mobile Einheit - Unterseen";"Equipe mobile - Unterseen";"Obere Gasse 2 ";"Unterseen";"3800";"Gemeindesaal";"Salle communautaire";"46.68526467887379, 7.848940914596936";"1,2";"true";"2";;;"mRNA";"von 09:00 Uhr bis 12:00 Uhr";"09:00 à 12:00";"2021-11-22T09:00:00";"2021-11-22T12:00:00"
"mobile Einheit";"mobile Einheit - Unterseen";"Equipe mobile - Unterseen";"Obere Gasse 2 ";"Unterseen";"3800";"Gemeindesaal";"Salle communautaire";"46.68526467887379, 7.848940914596936";"1,2";"true";"2";;;"mRNA";"von 09:00 Uhr bis 12:00 Uhr";"09:00 à 12:00";"2021-12-20T09:00:00";"2021-12-20T12:00:00"
"mobile Einheit";"mobile Einheit - Valbirse";"Equipe mobile - Valbirse";"Gran-rue 50";"Valbirse";"2735";"Gemeindehaus";"Salle communale";"47.23927459522258, 7.2720882697463844";"1";"true";"2";;;"mRNA";"von 10:00 Uhr bis 18:00 Uhr";"10:00 à 18:00";"2021-11-09T10:00:00";"2021-11-09T18:00:00"
"mobile Einheit";"mobile Einheit - Valbirse";"Equipe mobile - Valbirse";"Gran-rue 50";"Valbirse";"2735";"Gemeindehaus";"Salle communale";"47.23927459522258, 7.2720882697463844";"1";"true";"2";;;"mRNA";"von 10:00 Uhr bis 18:00 Uhr";"10:00 à 18:00";"2021-11-10T10:00:00";"2021-11-10T18:00:00"
"mobile Einheit";"mobile Einheit - Villeret";"Equipe mobile - Villeret";"Rue principale 24";"Villeret";"2613";"Gemeinschaftszentrum";"Centre communal ";"47.15777958762103, 7.017850140908556";"1,2";"true";"2";;;"mRNA";"von 10:00 Uhr bis 18:00 Uhr";"10:00 à 18:00";"2021-11-22T10:00:00";"2021-11-22T18:00:00"
"mobile Einheit";"mobile Einheit - Wilderswil";"Equipe mobile - Wilderswil";"Gewerbeweg 1";"Wilderswil";"3812";;;"46.66940671225663, 7.86955131172184";"1,2";"true";"2";;;"mRNA";"von 14:00 Uhr bis 17:00 Uhr";"14:00 à 17:00";"2021-11-23T16:00:00";"2021-11-23T19:00:00"
"mobile Einheit";"mobile Einheit - Wilderswil";"Equipe mobile - Wilderswil";"Gewerbeweg 1";"Wilderswil";"3812";;;"46.66940671225663, 7.86955131172184";"1,2";"true";"2";;;"mRNA";"von 14:00 Uhr bis 17:00 Uhr";"14:00 à 17:00";"2021-12-21T16:00:00";"2021-12-21T19:00:00"
"Impftruck";"Impftruck - Interlaken";"Camion de vaccination - Interlaken";"Weissenaustrasse 27";"Interlaken";"3800";;;"46.68103895219413, 7.843027226907761";"1,2";"true";"2";;;"mRNA";"von 08:00 bis 14:00 und 15:00 bis 18:00 ";"de 08:00 à 14:00 et 15:00 à 18:00 ";"2021-12-09T08:00:00";"2021-12-09T18:00:00"
"Impftruck";"Impftruck - Interlaken";"Camion de vaccination - Interlaken";"Weissenaustrasse 27";"Interlaken";"3800";;;"46.68103895219413, 7.843027226907761";"1,2";"true";"2";;;"mRNA";"von 08:00 bis 14:00 und 15:00 bis 18:00 ";"de 08:00 à 14:00 et 15:00 à 18:00 ";"2021-12-10T08:00:00";"2021-12-10T18:00:00"
"Impftruck";"Impftruck - Grosshöchstetten";"Camion de vaccination - Grosshöchstetten";"Kramgasse 3";"Grosshöchstetten";"3506";;;"46.90724551455368, 7.638958584585832";"1,2";"true";"2";;;"mRNA";"von 08:00 bis 14:00 und 15:00 bis 18:00 ";"de 08:00 à 14:00 et 15:00 à 18:00 ";"2021-12-08T08:00:00";"2021-12-08T18:00:00"
"Impftruck";"Impftruck - Interlaken";"Camion de vaccination - Interlaken";"Weissenaustrasse 27";"Interlaken";"3800";;;"46.68103895219413, 7.843027226907761";"1,2";"true";"2";;;"mRNA";"von 08:00 bis 14:00 und 15:00 bis 18:00 ";"de 08:00 à 14:00 et 15:00 à 18:00 ";"2021-12-11T08:00:00";"2021-12-11T18:00:00"
"Impftruck";"Impftruck - St-Imier";"Camion de vaccination - St-Imier";"Marne de la Coudre 6";"St-Imier";"2610";;;"47.153412803579606, 7.003925212072417";"1,2";"true";"2";;;"mRNA";"von 08:00 bis 14:00 und 15:00 bis 18:00 ";"de 08:00 à 14:00 et 15:00 à 18:00 ";"2021-12-13T08:00:00";"2021-12-13T18:00:00"
"Impftruck";"Impftruck - Moutier";"Camion de vaccination - Moutier";"Sociét’halle, Av. de la Liberté 9";"Moutier";"2740";;;"47.27913665405507, 7.373302083238976";"1,2";"true";"2";;;"mRNA";"von 08:00 bis 14:00 und 15:00 bis 18:00 ";"de 08:00 à 14:00 et 15:00 à 18:00 ";"2021-12-14T08:00:00";"2021-12-14T18:00:00"
"Impftruck";"Impftruck - Tavannes";"Camion de vaccination - Tavannes";"Place de la Gare";"Tavannes";"2710";;;"47.219908751437366, 7.201039183237765";"1,2";"true";"2";;;"mRNA";"von 08:00 bis 14:00 und 15:00 bis 18:00 ";"de 08:00 à 14:00 et 15:00 à 18:00 ";"2021-12-15T08:00:00";"2021-12-15T18:00:00"
"mobile Einheit";"mobile Einheit - Matten bei Interlaken";"Equipe mobile - Matten bei Interlaken";"Herziggässli 21";"Matten";"3800";;;"46.680544278665124, 7.869661840558854";"1,2";"true";"2";;;"mRNA";"von 14:00 Uhr bis 16:00 Uhr";"14:00 à 16:00";"2021-12-22T14:00:00";"2021-12-22T16:00:00"
"mobile Einheit";"mobile Einheit - Reichenbach";"Equipe mobile - Reichenbach";"Faltschenstrasse 1";"Reichenbach";"3713";;;"46.626784807442235, 7.695094127405377";"1,2";"true";"2";;;"mRNA";"von 09:30 Uhr bis 11:30 Uhr";"09:30 à 11:30";"2021-12-21T09:30:00";"2021-12-21T11:30:00"
"Impftruck";"Impftruck - Saanen";"Camion de vaccination - Saanen";"Bahnhofgässli 5 ";"Saanen";"3792";;;"46.48888930114746, 7.261023227402449";"1,2";"true";"2";;;"mRNA";"von 10:00 bis 14:00 und von 15:00 bis 20:00 Uhr";"de 10:00 à 14:00 et de 15:00 à 20:00";"2022-01-03T10:00:00";"2022-01-03T20:00:00"
"Impftruck";"Impftruck - Saanen";"Camion de vaccination - Saanen";"Bahnhofgässli 5 ";"Saanen";"3792";;;"46.48888930114746, 7.261023227402449";"1,2";"true";"2";;;"mRNA";"von 09:00 bis 14:00 und von 15:00 bis 18:00 Uhr";"de 09:00 à 14:00 et de 15:00 à 18:00";"2022-01-04T09:00:00";"2022-01-04T18:00:00"
"Impftruck";"Impftruck - Saanen";"Camion de vaccination - Saanen";"Bahnhofgässli 5 ";"Saanen";"3792";;;"46.48888930114746, 7.261023227402449";"1,2";"true";"2";;;"mRNA";"von 10:00 bis 14:00 und von 15:00 bis 20:00 Uhr";"de 10:00 à 14:00 et de 15:00 à 20:00";"2022-02-01T10:00:00";"2022-02-01T20:00:00"
"Impftruck";"Impftruck - Meiringen";"Camion de vaccination - Meiringen";"Bahnhofplatz 2";"Meiringen";"3860";"Tramhalle";;"46.72817495112864, 8.183830052538736";"1,2";"true";"2";;;"mRNA";"von 08:00 bis 14:00 und von 15:00 bis 18:00 Uhr";" de 08:00 à 14:00 et de 15:00 à 18:00";"2022-01-05T08:00:00";"2022-01-05T18:00:00"
"Impftruck";"Impftruck - Meiringen";"Camion de vaccination - Meiringen";"Bahnhofplatz 2";"Meiringen";"3860";"Tramhalle";;"46.72817495112864, 8.183830052538736";"1,2";"true";"2";;;"mRNA";"von 08:00 bis 14:00 und von 15:00 bis 18:00 Uhr";" de 08:00 à 14:00 et de 15:00 à 18:00";"2022-02-03T08:00:00";"2022-02-03T18:00:00"
"Impftruck";"Impftruck - Interlaken";"Camion de vaccination - Interlaken";"Alpenstrasse 5";"Interlaken";"3800";;;"46.68537681979248, 7.862474240559052";"1,2";"true";"2";;;"mRNA";"von 08:00 bis 14:00 und 15:00 bis 18:00";"de 08:00 à 14:00 et 15:00 à 18:00 ";"2022-01-06T08:00:00";"2022-01-06T18:00:00"
"Impftruck";"Impftruck - Interlaken";"Camion de vaccination - Interlaken";"Alpenstrasse 5";"Interlaken";"3800";;;"46.68537681979248, 7.862474240559052";"1,2";"true";"2";;;"mRNA";"von 08:00 bis 14:00 und 15:00 bis 18:00";"de 08:00 à 14:00 et 15:00 à 18:00 ";"2022-02-04T08:00:00";"2022-02-04T18:00:00"
"Impftruck";"Impftruck - Brienz";"Camion de vaccination - Brienz";"Hauptstrasse 283";"Brienz";"3855";;;"46.74620846224636, 8.057652225555504";"1,2";"true";"2";;;"mRNA";"von 08:00 bis 14:00 und 15:00 bis 18:00";"de 08:00 à 14:00 et 15:00 à 18:00";"2022-01-07T08:00:00";"2022-01-07T18:00:00"
"Impftruck";"Impftruck - Brienz";"Camion de vaccination - Brienz";"Hauptstrasse 283";"Brienz";"3855";;;"46.74620846224636, 8.057652225555504";"1,2";"true";"2";;;"mRNA";"von 08:00 bis 14:00 und 15:00 bis 18:00";"de 08:00 à 14:00 et 15:00 à 18:00";"2022-01-08T08:00:00";"2022-01-08T18:00:00"
"Impftruck";"Impftruck - Brienz";"Camion de vaccination - Brienz";"Hauptstrasse 283";"Brienz";"3855";;;"46.74620846224636, 8.057652225555504";"1,2";"true";"2";;;"mRNA";"von 08:00 bis 14:00 und 15:00 bis 18:00";"de 08:00 à 14:00 et 15:00 à 18:00";"2022-02-05T08:00:00";"2022-02-05T18:00:00"
"Impftruck";"Impftruck - Langnau";"Camion de vaccination - Langnau";"Güterstrasse 20";"Langnau";"3550";"Kuperschmiede";"Kuperschmiede";"46.93700692402409, 7.7872775562480445";"1,2";"true";"2";;;"mRNA";"von 08:00 bis 14:00 und von 15:00 bis 18:00";"de 08:00 à 14:00 et de 15:00 à 18:00";"2022-01-10T08:00:00";"2022-01-10T18:00:00"
"Impftruck";"Impftruck - Langnau";"Camion de vaccination - Langnau";"Güterstrasse 20";"Langnau";"3550";"Kuperschmiede";"Kuperschmiede";"46.93700692402409, 7.7872775562480445";"1,2";"true";"2";;;"mRNA";"von 08:00 bis 14:00 und von 15:00 bis 18:00";"de 08:00 à 14:00 et de 15:00 à 18:00";"2022-01-11T08:00:00";"2022-01-11T18:00:00"
"Impftruck";"Impftruck - Langnau";"Camion de vaccination - Langnau";"Güterstrasse 20";"Langnau";"3550";"Kuperschmiede";"Kuperschmiede";"46.93700692402409, 7.7872775562480445";"1,2";"true";"2";;;"mRNA";"von 08:00 bis 14:00 und von 15:00 bis 18:00";"de 08:00 à 14:00 et de 15:00 à 18:00";"2022-02-08T08:00:00";"2022-02-08T18:00:00"
"Impftruck";"Impftruck - Herzogenbuchsee";"Camion de vaccination - Herogenbuchsee";"Mittelholzstrasse 2";"Herzogenbuchsee";"3360";"Dreifachturnhalle Mittelholz";"Gymnase Mittelholz";"47.18753481454915, 7.716203469745275";"1,2";"true";"2";;;"mRNA";"von 08:00 bis 14:00 und von 15:00 bis 18:00 ";"de 08:00 à 14:00 et de 15:00 à 18:00";"2022-01-12T08:00:00";"2022-01-12T18:00:00"
"Impftruck";"Impftruck - Herzogenbuchsee";"Camion de vaccination - Herzogenbuchsee";"Mittelholzstrasse 2";"Herzogenbuchsee";"3360";"Dreifachturnhalle Mittelholz";"Gymnase Mittelholz";"47.18753481454915, 7.716203469745275";"1,2";"true";"2";;;"mRNA";"von 08:00 bis 14:00 und von 15:00 bis 18:00 ";"de 08:00 à 14:00 et de 15:00 à 18:00";"2022-02-09T08:00:00";"2022-02-09T18:00:00"
"Impftruck";"Impftruck - Burgdorf";"Camion de vaccination - Burgdorf ";"Sägegasse 19";"Burgdorf";"3400";"Markthalle Burgdorf AG";"Halle de marché Burgdorf AG";"47.054712526928384, 7.630698167890028";"1,2";"true";"2";;;"mRNA";"von 08:00 bis 14:00 und von 15:00 bis 18:00";"de 08:00 à 14:00 et de 15:00 à 18:00";"2022-01-14T08:00:00";"2022-01-14T18:00:00"
"Impftruck";"Impftruck - Burgdorf";"Camion de vaccination - Burgdorf ";"Sägegasse 19";"Burgdorf";"3400";"Markthalle Burgdorf AG";"Halle de marché Burgdorf AG";"47.054712526928384, 7.630698167890028";"1,2";"true";"2";;;"mRNA";"von 08:00 bis 14:00 und von 15:00 bis 18:00";"de 08:00 à 14:00 et de 15:00 à 18:00";"2022-01-15T08:00:00";"2022-01-15T18:00:00"
"Impftruck";"Impftruck - Burgdorf";"Camion de vaccination - Burgdorf ";"Sägegasse 19";"Burgdorf";"3400";"Markthalle Burgdorf AG";"Halle de marché Burgdorf AG";"47.054712526928384, 7.630698167890028";"1,2";"true";"2";;;"mRNA";"von 08:00 bis 14:00 und von 15:00 bis 18:00";"de 08:00 à 14:00 et de 15:00 à 18:00";"2022-02-12T08:00:00";"2022-02-12T18:00:00"
"Impftruck";"Impftruck - Moutier";"Camion de vaccination - Moutier";"Sociét’halle, Av. de la Liberté 9";"Moutier";"2740";;;"47.27913665405507, 7.373302083238976";"1,2";"true";"2";;;"mRNA";"von 08:00 bis 14:00 und 15:00 bis 18:00";"de 08:00 à 14:00 et 15:00 à 18:00";"2022-01-17T08:00:00";"2022-01-17T18:00:00"
"Impftruck";"Impftruck - Moutier";"Camion de vaccination - Moutier";"Sociét’halle, Av. de la Liberté 9";"Moutier";"2740";;;"47.27913665405507, 7.373302083238976";"1,2";"true";"2";;;"mRNA";"von 08:00 bis 14:00 und 15:00 bis 18:00";"de 08:00 à 14:00 et 15:00 à 18:00";"2022-02-14T08:00:00";"2022-02-14T18:00:00"
"Impftruck";"Impftruck - Tavannes";"Camion de vaccination - Tavannes";"Place de la Gare";"Tavannes";"2710";;;"47.219908751437366, 7.201039183237765";"1,2";"true";"2";;;"mRNA";"von 08:00 bis 14:00 und 15:00 bis 18:00";"de 08:00 à 14:00 et 15:00 à 18:00";"2022-01-18T08:00:00";"2022-01-18T18:00:00"
"Impftruck";"Impftruck - Tavannes";"Camion de vaccination - Tavannes";"Place de la Gare";"Tavannes";"2710";;;"47.219908751437366, 7.201039183237765";"1,2";"true";"2";;;"mRNA";"von 08:00 bis 14:00 und 15:00 bis 18:00";"de 08:00 à 14:00 et 15:00 à 18:00";"2022-02-15T08:00:00";"2022-02-15T18:00:00"
"Impftruck";"Impftruck - St-Imier";"Camion de vaccination - St-Imier";"Marne de la Coudre 6";"St-Imier";"2610";;;"47.153412803579606, 7.003925212072417";"1,2";"true";"2";;;"mRNA";"von 08:00 bis 14:00 und 15:00 bis 18:00 ";"de 08:00 à 14:00 et 15:00 à 18:00 ";"2022-01-19T08:00:00";"2022-01-19T18:00:00"
"Impftruck";"Impftruck - St-Imier";"Camion de vaccination - St-Imier";"Marne de la Coudre 6";"St-Imier";"2610";;;"47.153412803579606, 7.003925212072417";"1,2";"true";"2";;;"mRNA";"von 08:00 bis 14:00 und 15:00 bis 18:00 ";"de 08:00 à 14:00 et 15:00 à 18:00 ";"2022-02-16T08:00:00";"2022-02-16T18:00:00"
"Impftruck";"Impftruck - Nidau";"Camion de vaccination - Nidau";"Milanweg 40";"Nidau";"2560";;;"47.12553087614873, 7.246780913594107";"1,2";"true";"2";;;"mRNA";"von 08:00 bis 14:00 und 15:00 bis 18:00 ";"de 08:00 à 14:00 et 15:00 à 18:00 ";"2022-01-20T08:00:00";"2022-01-20T18:00:00"
"Impftruck";"Impftruck - Nidau";"Camion de vaccination - Nidau";"Milanweg 40";"Nidau";"2560";;;"47.12553087614873, 7.246780913594107";"1,2";"true";"2";;;"mRNA";"von 08:00 bis 14:00 und 15:00 bis 18:00 ";"de 08:00 à 14:00 et 15:00 à 18:00 ";"2022-02-17T08:00:00";"2022-02-17T18:00:00"
"Impftruck";"Impftruck - Biel";"Camion de vaccination - Bienne";"Place du Marché-Neuf (Neumarktplatz)";"Biel ";"2502";;;"47.14097771795413, 7.24818989858036";"1,2";"true";"2";;;"mRNA";"von 08:00 bis 14:00 und 15:00 bis 18:00";"de 08:00 à 14:00 et 15:00 à 18:00";"2022-01-21T08:00:00";"2022-01-21T18:00:00"
"Impftruck";"Impftruck - Biel";"Camion de vaccination - Bienne";"Place du Marché-Neuf (Neumarktplatz)";"Biel ";"2502";;;"47.14097771795413, 7.24818989858036";"1,2";"true";"2";;;"mRNA";"von 08:00 bis 14:00 und 15:00 bis 18:00";"de 08:00 à 14:00 et 15:00 à 18:00";"2022-02-18T08:00:00";"2022-02-18T18:00:00"
"Impftruck";"Impftruck - Laupen ";"Camion de vaccination - Laupen";"Mühlestrasse 30";"Laupen";"3177";"Schulhaus";"École";"46.907625902843705, 7.241578698240043";"1,2";"true";"2";;;"mRNA";"von 08:00 bis 18:00 Uhr";"de 08:00 à 18:00";"2022-01-22T08:00:00";"2022-01-22T18:00:00"
"Impftruck";"Impftruck - Laupen ";"Camion de vaccination - Laupen";"Mühlestrasse 30";"Laupen";"3177";"Schulhaus";"École";"46.907625902843705, 7.241578698240043";"1,2";"true";"2";;;"mRNA";"von 08:00 bis 18:00 Uhr";"de 08:00 à 18:00";"2022-02-19T08:00:00";"2022-02-19T18:00:00"
"Impftruck";"Impftruck - St-Imier";"Camion de vaccination - St-Imier";"Marne de la Coudre 6";"St-Imier";"2610";;;"47.153412803579606, 7.003925212072417";"1,2";"true";"2";;;"mRNA";"von 08:00 bis 14:00 und 15:00 bis 18:00";"de 08:00 à 14:00 et 15:00 à 18:00";"2021-12-29T08:00:00";"2021-12-29T18:00:00"
"Impftruck";"Impftruck - St-Imier";"Camion de vaccination - St-Imier";"Marne de la Coudre 6";"St-Imier";"2610";;;"47.153412803579606, 7.003925212072417";"1,2";"true";"2";;;"mRNA";"von 08:00 bis 14:00 und 15:00 bis 18:00";"de 08:00 à 14:00 et 15:00 à 18:00";"2021-12-30T08:00:00";"2021-12-30T18:00:00"
"Impftruck";"Impftruck - Frutigen";"Camion de vaccination - Frutigen";"untere Bahnhofstrasse 11,";"Frutigen";"3714";;;"46.587859252070515, 7.650777527065471";"1,2";"true";"2";;;"mRNA";"von 08:00 bis 14:00 und 15:00 bis 18:00";"de 08:00 à 14:00 et 15:00 à 18:00";"2022-01-26T08:00:00";"2022-01-26T18:00:00"
"Impftruck";"Impftruck - Frutigen";"Camion de vaccination - Frutigen";"untere Bahnhofstrasse 11,";"Frutigen";"3714";;;"46.587859252070515, 7.650777527065471";"1,2";"true";"2";;;"mRNA";"von 08:00 bis 14:00 und 15:00 bis 18:00";"de 08:00 à 14:00 et 15:00 à 18:00";"2022-02-23T08:00:00";"2022-02-23T18:00:00"
"mobile Einheit";"mobile Einheit - Grindelwald";"Equipe mobile - Grindelwald";"Dorfstrasse 170";"Grindelwald";"3818";"Kongress-Saal Grindelwald";"Salle de congrès";"46.624403909204204, 8.042690883225001";"1,2";"true";"2";;;"mRNA";"von 09:30 bis 12:30 und 13:30 bis 16:30";"de 09:30 à 12:30 et de 13:30 à 16:30";"2022-01-12T09:30:00";"2022-01-12T16:30:00"
"mobile Einheit";"mobile Einheit - Hasliberg";"Equipe mobile - Hasliberg";"Urseni 331c";"Hasliberg";"6085";"Hasliberg Congress, Hasliberg Goldern";"Hasliberg Congress, Hasliberg Goldern";"46.741239637281645, 8.199376012063588";"1,2";"false";"3";"https://www.hasliberg.ch/files/3016/4088/1603/07.0800_Coronavirus_Impfangebot_14.01.2022.pdf";"https://www.hasliberg.ch/files/3016/4088/1603/07.0800_Coronavirus_Impfangebot_14.01.2022.pdf";"mRNA";"von 09:30 bis 13:00 und 14:00 bis 16:00";" de 09:30 à 13:00 et 14:00 à 16:00";"2022-01-14T09:30:00";"2022-01-14T16:00:00"
"mobile Einheit";"mobile Einheit - Brienzwiler";"Equipe mobile - Brienzwiler";"Obermoosweg 2";"Brienzwiler";"3856";"Schulhaus Obermoos";"Ecole Obermoos";"46.750940690064816, 8.098841756244031";"1,2";"true";"2";;;"mRNA";"von 09:30 bis 12:30 und 13:30 bis 15:00";"de 09:30 à 12:30 et de 13:30 à 15:00";"2022-01-19T09:30:00";"2022-01-19T15:00:00"
"mobile Einheit";"mobile Einheit - Aeschi bei Spiez";"Equipe mobile - Aeschi bei Spiez";"Mülenenstrasse 2";"Aeschi bei Spiez";"3703";"Gemeindesaal";"Salle communale";"46.65827469873312, 7.6959938408979";"1,2";"true";"2";;;"mRNA";"von 09:30 bis 13:00";"de 09:30 à 13:00";"2022-01-26T09:30:00";"2022-01-26T13:00:00"
"mobile Einheit";"mobile Einheit - La Neuveville";"Equipe mobile - La Neuveville";"Place de la Gare 3";"La Neuveville";"2520";"Centre des Epancheurs";"Centre des Epancheurs";"47.06324103861694, 7.0946402139229106";"1,2";"true";"2";;;"mRNA";"von 10:00 bis 18:00";"de 10:00 à 18:00";"2022-01-10T10:00:00";"2022-01-10T18:00:00"
"mobile Einheit";"mobile Einheit - La Neuveville";"Equipe mobile - La Neuveville";"Place de la Gare 3";"La Neuveville";"2520";"Centre des Epancheurs";"Centre des Epancheurs";"47.06324103861694, 7.0946402139229106";"1,2";"true";"2";;;"mRNA";"von 10:00 bis 18:00";"de 10:00 à 18:00";"2022-01-11T10:00:00";"2022-01-11T18:00:00"
"mobile Einheit";"mobile Einheit - Tramelan";"Equipe mobile - Tramelan";"Grand Rue 132";"Tramelan";"2720";"Place du 16 Mars";"Place du 16 Mars,";"47.223303080468355, 7.099081856254218";"1,2";"true";"2";;;"mRNA";"von 10:00 bis 18:00";"de 10:00 à 18:00";"2022-01-10T10:00:00";"2022-01-10T18:00:00"
"mobile Einheit";"mobile Einheit - Tramelan";"Equipe mobile - Tramelan";"Grand Rue 132";"Tramelan";"2720";"Place du 16 Mars";"Place du 16 Mars,";"47.223303080468355, 7.099081856254218";"1,2";"true";"2";;;"mRNA";"von 10:00 bis 18:00";"de 10:00 à 18:00";"2022-01-11T10:00:00";"2022-01-11T18:00:00"
"mobile Einheit";"mobile Einheit - Romont";"Equipe mobile - Romont";"Rue principale 1";"Romont";"2538";"Schulhaus";"Ecole,";"47.1894553649587, 7.340351827417431";"1,2";"true";"2";;;"mRNA";"von 10:00 bis 18:00";"de 10:00 à 18:00";"2022-01-12T10:00:00";"2022-01-12T18:00:00"
"mobile Einheit";"mobile Einheit - Sauge";"Equipe mobile - Sauge";"Haut du Village 8";"Plagne";"2536";"Gemeindeverwalltung";"Administration communale";"47.18821483687147, 7.286169276504067";"1,2";"true";"2";;;"mRNA";"von 10:00 bis 18:00";"de 10:00 à 18:00";"2022-01-12T10:00:00";"2022-01-12T18:00:00"
"mobile Einheit";"mobile Einheit - Plateau de Diesse";"Equipe mobile - Plateau de Diesse";"Route de Lamboing 30";"Diesse";"2517";"Salle du Battoir";"Salle du Battoir";"47.11419361009612, 7.121964756251874";"1,2";"true";"2";;;"mRNA";"von 10:00 bis 18:00";"de 10:00 à 18:00";"2022-01-13T10:00:00";"2022-01-13T18:00:00"
"mobile Einheit";"mobile Einheit - Renan";"Equipe mobile - Renan";"Rue du Collège";"Renan";"2616";"Gemeindezentrum";"Centre communal";"47.12794895182343, 6.929373951965248";"1,2";"true";"2";;;"mRNA";"von 10:00 bis 18:00";"de 10:00 à 18:00";"2022-01-13T10:00:00";"2022-01-13T18:00:00"
"mobile Einheit";"mobile Einheit - Eschert";"Equipe mobile - Eschert";"Rue du Tilleul 1";"Eschert";"2743";"Gemeindehaus";"Bâtiment communal";"47.275635425984106, 7.399385083238974";"1,2";"true";"2";;;"mRNA";"von 10:00 bis 18:00";"de 10:00 à 18:00";"2022-01-17T10:00:00";"2022-01-17T18:00:00"
"mobile Einheit";"mobile Einheit - Belprahon";"Equipe mobile - Belprahon";"Grand Clos 5";"Belprahon";"2744";"Gemeindezentrum";"Centre communal";"47.28533883339188, 7.404670613275128";"1,2";"true";"2";;;"mRNA";"von 10:00 bis 18:00";"de 10:00 à 18:00";"2022-01-17T10:00:00";"2022-01-17T18:00:00"
"mobile Einheit";"mobile Einheit - Cormoret";"Equipe mobile - Cormoret";"Vieille Route 4";"Cormoret";"2612";"Mehrzweckhalle";"Halle polyvalente";"47.17552342488569, 7.055413585089217";"1,2";"true";"2";;;"mRNA";"von 10:00 bis 18:00";"de 10:00 à 18:00";"2022-01-18T10:00:00";"2022-01-18T18:00:00"
"mobile Einheit";"mobile Einheit - Cortébert";"Equipe mobile - Cortébert";"Grand Rue 21";"Cortébert";"2607";"Mehrzweckhalle";"Halle polyvalente";"47.19158058557178, 7.1100992850896025";"1,2";"true";"2";;;"mRNA";"von 10:00 bis 18:00";"de 10:00 à 18:00";"2022-01-18T10:00:00";"2022-01-18T18:00:00"
"mobile Einheit";"mobile Einheit - La Ferrière";"Equipe mobile - La Ferrière";"Rue des 3 Cantons 20";"La Ferrière";"2333";"Mehrzweckhalle";"Halle polyvalente";"47.142854936156965, 6.8933280850885215";"1,2";"true";"2";;;"mRNA";"von 10:00 bis 18:00";"de 10:00 à 18:00";"2022-01-19T10:00:00";"2022-01-19T18:00:00"
"mobile Einheit";"mobile Einheit - Corgémont";"Equipe mobile - Corgémont";"Rue des Collèges 1";"Corgémont";"2606";"Veranstaltungsraum";"Salle de spectacle";"47.19570408345086, 7.148242898581509";"1,2";"true";"2";;;"mRNA";"von 10:00 bis 18:00";"de 10:00 à 18:00";"2022-01-20T10:00:00";"2022-01-20T18:00:00"
"mobile Einheit";"mobile Einheit - Sonceboz-Sombeval";"Equipe mobile - Sonceboz-Sombeval";"Rue des Prés 5";"Sonceboz-Sombeval";"2605";"Veranstaltungsraum";"Salle de spectacle";"47.19673938060637, 7.170868727417588";"1,2";"true";"2";;;"mRNA";"von 10:00 bis 18:00";"de 10:00 à 18:00";"2022-01-20T10:00:00";"2022-01-20T18:00:00"
"mobile Einheit";"mobile Einheit - Sonvilier";"Equipe mobile - Sonvilier";"La Ruette 24";"Sonvilier";"2615";"Gemeindesaal";"Salle communale";"47.13722394231174, 6.96170268508842";"1,2";"true";"2";;;"mRNA";"von 10:00 bis 18:00";"de 10:00 à 18:00";"2022-01-24T10:00:00";"2022-01-24T18:00:00"
"mobile Einheit";"mobile Einheit - Villeret";"Equipe mobile - Villeret";"Rue Principale 24";"Villeret";"2613";"Gemeindeverwaltung";"Administration communale";"47.15780147385568, 7.017882327416737";"1,2";"true";"2";;;"mRNA";"von 10:00 bis 18:00";"de 10:00 à 18:00";"2022-01-24T10:00:00";"2022-01-24T18:00:00"
"mobile Einheit";"mobile Einheit - Champoz";"Equipe mobile - Champoz";"Clos Vautier 24c";"Champoz";"2735";"Gemeinschaftlicher Unterstand";"Abri communal,";"47.258316411328785, 7.297024798582814";"1,2";"true";"2";;;"mRNA";"von 10:00 bis 18:00";"de 10:00 à 18:00";"2022-01-25T10:00:00";"2022-01-25T18:00:00"
"mobile Einheit";"mobile Einheit - La Scheulte";"Equipe mobile - La Scheulte";"Schulhaus";"La Scheulte";"2827";"Schulhaus";"Ecole,";"47.335134449265, 7.552264823155627";"1,2";"true";"2";;;"mRNA";"von 10:00 bis 18:00";"de 10:00 à 18:00";"2022-01-26T10:00:00";"2022-01-26T18:00:00"
"mobile Einheit";"mobile Einheit - Court";"Equipe mobile - Court";"Rue de Valle 19";"Court";"2738";"Gemeindezentrum";"Centre communal";"47.23874490239493, 7.339087298582409";"1,2";"true";"2";;;"mRNA";"von 10:00 bis 18:00";"de 10:00 à 18:00";"2022-01-26T10:00:00";"2022-01-26T18:00:00"
"mobile Einheit";"mobile Einheit - Court";"Equipe mobile - Court";"Rue de Valle 19";"Court";"2738";"Gemeindezentrum";"Centre communal";"47.23874490239493, 7.339087298582409";"1,2";"true";"2";;;"mRNA";"von 10:00 bis 18:00";"de 10:00 à 18:00";"2022-01-27T10:00:00";"2022-01-27T18:00:00"
"mobile Einheit";"mobile Einheit - Petit-Val";"Equipe mobile - Petit-Val";"Plaine Fin 17c";"Sornetan";"2716";"Gemeinschaftlicher Unterstand";"Abri communal";"47.274428864030234, 7.2167250274192725";"1,2";"true";"2";;;"mRNA";"von 10:00 bis 18:00";"de 10:00 à 18:00";"2022-01-27T10:00:00";"2022-01-27T18:00:00"
"mobile Einheit";"mobile Einheit - Courtelary";"Equipe mobile - Courtelary";"Grand-Rue 58a";"Courtelary";"2608";"Gemeindezentrum";"Centre communal";"47.17840870137445, 7.073199669745068";"1,2";"true";"2";;;"mRNA";"von 10:00 bis 18:00";"de 10:00 à 18:00";"2022-01-28T10:00:00";"2022-01-28T18:00:00"
"mobile Einheit";"mobile Einheit - Orvin";"Equipe mobile - Orvin";"Rte des Prés-d'Orvin";"Orvin";"2534";"Saal der Gesellschaften";"Salle des Sociétés";"47.16254144323851, 7.215146612072567";"1,2";"true";"2";;;"mRNA";"von 10:00 bis 18:00";"de 10:00 à 18:00";"2022-01-31T10:00:00";"2022-01-31T18:00:00"
"mobile Einheit";"mobile Einheit - Nods";"Equipe mobile - Nods";"Place du Village 5";"Nods";"2518";"Salle du Battoir";"Salle du Battoir";"47.11350281066965, 7.080530027415755";"1,2";"true";"2";;;"mRNA";"von 10:00 bis 18:00";"de 10:00 à 18:00";"2022-01-31T10:00:00";"2022-01-31T18:00:00"
"mobile Einheit";"mobile Einheit - Perrefitte";"Equipe mobile - Perrefitte";"Sous le Tacon 24";"Perrefitte";"2742";"Gemeindeverwaltung";"Administration communale";"47.27533956450193, 7.341794485091374";"1,2";"true";"2";;;"mRNA";"von 10:00 bis 18:00";"de 10:00 à 18:00";"2022-02-01T10:00:00";"2022-02-01T18:00:00"
"mobile Einheit";"mobile Einheit - Perrefitte";"Equipe mobile - Perrefitte";"Sous le Tacon 24";"Perrefitte";"2742";"Gemeindeverwaltung";"Administration communale";"47.27533956450193, 7.341794485091374";"1,2";"true";"2";;;"mRNA";"von 10:00 bis 18:00";"de 10:00 à 18:00";"2022-02-02T10:00:00";"2022-02-02T18:00:00"
"mobile Einheit";"mobile Einheit - Péry-La Heutte";"Equipe mobile - Péry-La Heutte";"Grand-Rue 54";"Péry";"2603";"Gemeindezentrum";"Centre communal";"47.19420413973721, 7.250770712073326";"1,2";"true";"2";;;"mRNA";"von 10:00 bis 18:00";"de 10:00 à 18:00";"2022-02-01T10:00:00";"2022-02-01T18:00:00"
"mobile Einheit";"mobile Einheit - Péry-La Heutte";"Equipe mobile - Péry-La Heutte";"Grand-Rue 54";"Péry";"2603";"Gemeindezentrum";"Centre communal";"47.19420413973721, 7.250770712073326";"1,2";"true";"2";;;"mRNA";"von 10:00 bis 18:00";"de 10:00 à 18:00";"2022-02-02T10:00:00";"2022-02-02T18:00:00"
"mobile Einheit";"mobile Einheit - Saicourt";"Equipe mobile - Saicourt";"Pré-Paroz 1";"Le Fuet";"2712";"Gemeindezentrum";"Centre communal";"47.244505849309185, 7.178996127418621";"1,2";"true";"2";;;"mRNA";"von 10:00 bis 18:00";"de 10:00 à 18:00";"2022-02-07T10:00:00";"2022-02-07T18:00:00"
"mobile Einheit";"mobile Einheit - Reconvillier";"Equipe mobile - Reconvillier";"Vie des Crêts 49";"Reconvillier";"2732";"Buvette bei der Tennishalle";"Buvette de la Halle de Tennis";"47.230176288708, 7.225871040910127";"1,2";"true";"2";;;"mRNA";"von 10:00 bis 18:00";"de 10:00 à 18:00";"2022-02-07T10:00:00";"2022-02-07T18:00:00"
"mobile Einheit";"mobile Einheit - Crémines";"Equipe mobile - Crémines";"Rue du Collège 7";"Crémines";"2746";"Turnhalle";"Halle de gymnastique";"47.28341548595273, 7.4415929274194665";"1,2";"true";"2";;;"mRNA";"von 10:00 bis 18:00";"de 10:00 à 18:00";"2022-02-08T10:00:00";"2022-02-08T18:00:00"
"mobile Einheit";"mobile Einheit - Grandval";"Equipe mobile - Grandval";"Grand Rue 29";"Grandval";"2745";"Gemeindezentrum";"Centre communal";"47.283337620673436, 7.422761869747339";"1,2";"true";"2";;;"mRNA";"von 10:00 bis 18:00";"de 10:00 à 18:00";"2022-02-08T10:00:00";"2022-02-08T18:00:00"
"mobile Einheit";"mobile Einheit - Tavannes";"Equipe mobile - Tavannes";"Rue du Foyer 1";"Tavannes";"2710";"Gemeindesaal";"Salle communale";"47.22371533372061, 7.199907085090291";"1,2";"true";"2";;;"mRNA";"von 10:00 bis 18:00";"de 10:00 à 18:00";"2022-02-09T10:00:00";"2022-02-09T18:00:00"
"mobile Einheit";"mobile Einheit - Tavannes";"Equipe mobile - Tavannes";"Rue du Foyer 1";"Tavannes";"2710";"Gemeindesaal";"Salle communale";"47.22371533372061, 7.199907085090291";"1,2";"true";"2";;;"mRNA";"von 10:00 bis 18:00";"de 10:00 à 18:00";"2022-02-10T10:00:00";"2022-02-10T18:00:00"
"mobile Einheit";"mobile Einheit - Valbirse";"Equipe mobile - Valbirse";"Grand Rue 50";"Malleray";"2735";"Gemeindesaal";"Salle communale";"47.239727539923095, 7.271943863853786";"1,2";"true";"2";;;"mRNA";"von 10:00 bis 18:00";"de 10:00 à 18:00";"2022-02-09T10:00:00";"2022-02-09T18:00:00"
"mobile Einheit";"mobile Einheit - Valbirse";"Equipe mobile - Valbirse";"Grand Rue 50";"Malleray";"2735";"Gemeindesaal";"Salle communale";"47.239727539923095, 7.271943863853786";"1,2";"true";"2";;;"mRNA";"von 10:00 bis 18:00";"de 10:00 à 18:00";"2022-02-10T10:00:00";"2022-02-10T18:00:00"
"mobile Einheit";"mobile Einheit - St-Imier";"Equipe mobile - St-Imier";"Rue de Beausite 1";"St-Imier";"2610";"Espace Beau-Site";"Espace Beau-Site";"47.155012178480355, 6.999957785088799";"1,2";"true";"2";;;"mRNA";"von 10:00 bis 18:00";"de 10:00 à 18:00";"2022-02-14T10:00:00";"2022-02-14T18:00:00"
"mobile Einheit";"mobile Einheit - St-Imier";"Equipe mobile - St-Imier";"Rue de Beausite 1";"St-Imier";"2610";"Espace Beau-Site";"Espace Beau-Site";"47.155012178480355, 6.999957785088799";"1,2";"true";"2";;;"mRNA";"von 10:00 bis 18:00";"de 10:00 à 18:00";"2022-02-15T10:00:00";"2022-02-15T18:00:00"
"mobile Einheit";"mobile Einheit - Moutier";"Equipe mobile - Moutier";"Avenue de la Liberté 9";"Moutier";"2740";"Sociét'Halle";"Sociét'Halle";"47.27910731786504, 7.373095269747244";"1,2";"true";"2";;;"mRNA";"von 10:00 bis 18:00";"de 10:00 à 18:00";"2022-02-15T10:00:00";"2022-02-15T18:00:00"
"mobile Einheit";"mobile Einheit - Moutier";"Equipe mobile - Moutier";"Avenue de la Liberté 9";"Moutier";"2740";"Sociét'Halle";"Sociét'Halle";"47.27910731786504, 7.373095269747244";"1,2";"true";"2";;;"mRNA";"von 10:00 bis 18:00";"de 10:00 à 18:00";"2022-02-16T10:00:00";"2022-02-16T18:00:00"
"Impftruck";"Impftruck - Ittigen";"Camion de vaccination - Ittigen";"Fischrainweg 17";"Worblaufen";"3048";"Schulhaus Atikofen";"École Atikofen";"46.97952514099868, 7.465482998576847";"1,2";"true";"2";;;"mRNA";"von 08:00 bis 14:00 und von 15:00 bis 18:00";"de 08:00 à 14:00 et de 15:00 à 18:00";"2022-01-29T08:00:00";"2022-01-29T18:00:00"
"mobile Einheit";"mobile Einheit - Boltigen";"Equipe mobile - Boltigen";"Reidenbach 303";"Boltigen";"3766";"Mehrzweckhalle Schulanlage Reidenbach";"Salle polyvalente";"46.62198421513227, 7.37723464089708";"1,2";"true";"2";;;"mRNA";"von 09:00 bis 13:00";"de 09:00 à 13:00";"2022-01-29T09:00:00";"2022-01-29T13:00:00"
"mobile Einheit";"mobile Einheit - Boltigen";"Equipe mobile - Boltigen";"Reidenbach 303";"Boltigen";"3766";"Mehrzweckhalle Schulanlage Reidenbach";"Salle polyvalente";"46.62198421513227, 7.37723464089708";"1,2";"true";"2";;;"mRNA";"von 09:00 bis 13:00";"de 09:00 à 13:00";"2022-02-26T09:00:00";"2022-02-26T13:00:00"
"mobile Einheit";"mobile Einheit - Heiligenschwendi";"Equipe mobile - Heiligenschwendi";"Bim Schuelhus 199A";"Heiligenschwendi";"3625";"Schulhaus";"Ecole";"46.75294739534721, 7.674906007854936";"1,2";"true";"2";;;"mRNA";"von 09:00 bis 13:00";"de 09:00 à 13:00";"2022-01-22T09:00:00";"2022-01-22T13:00:00"
"mobile Einheit";"mobile Einheit - Heiligenschwendi";"Equipe mobile - Heiligenschwendi";"Bim Schuelhus 199A";"Heiligenschwendi";"3625";"Schulhaus";"Ecole";"46.75294739534721, 7.674906007854936";"1,2";"true";"2";;;"mRNA";"von 09:00 bis 13:00";"de 09:00 à 13:00";"2022-02-19T09:00:00";"2022-02-19T13:00:00"
"mobile Einheit";"mobile Einheit - Heimberg";"Equipe mobile - Heimberg";"Schulstrasse 14a";"Heimberg";"3627";"Aula Untere Au";"Aula Untere Au";"46.79028123096779, 7.6009301697367535";"1,2";"true";"2";;;"mRNA";"von 09:00 bis 16:00";"de 09:00 à 16:00";"2022-01-14T09:00:00";"2022-01-14T16:00:00"
"mobile Einheit";"mobile Einheit - Heimberg";"Equipe mobile - Heimberg";"Schulstrasse 14a";"Heimberg";"3627";"Aula Untere Au";"Aula Untere Au";"46.79028123096779, 7.6009301697367535";"1,2";"true";"2";;;"mRNA";"von 09:00 bis 16:00";"de 09:00 à 16:00";"2022-02-11T09:00:00";"2022-02-11T16:00:00"
"mobile Einheit";"mobile Einheit - Lauenen";"Equipe mobile - Lauenen";"Kirchstrasse 15";"Lauenen";"3782";"Mehrzweckhalle";"Salle polyvalente";"46.42463756177013, 7.3214442697289694";"1,2";"true";"2";;;"mRNA";"von 09:00 bis 16:00";"de 09:00 à 16:00";"2022-01-17T09:00:00";"2022-01-17T16:00:00"
"mobile Einheit";"mobile Einheit - Lauenen";"Equipe mobile - Lauenen";"Kirchstrasse 15";"Lauenen";"3782";"Mehrzweckhalle";"Salle polyvalente";"46.42463756177013, 7.3214442697289694";"1,2";"true";"2";;;"mRNA";"von 09:00 bis 16:00";"de 09:00 à 16:00";"2022-02-14T09:00:00";"2022-02-14T16:00:00"
"mobile Einheit";"mobile Einheit - Lenk";"Equipe mobile - Lenk";"Schulhausstrasse 2";"Lenk";"3775";"Gesamtschulhaus";"Ecole";"46.455959495032566, 7.44491976972966";"1,2";"true";"2";;;"mRNA";"von 09:00 bis 16:00";"de 09:00 à 16:00";"2022-01-15T09:00:00";"2022-01-15T16:00:00"
"mobile Einheit";"mobile Einheit - Lenk";"Equipe mobile - Lenk";"Schulhausstrasse 2";"Lenk";"3775";"Gesamtschulhaus";"Ecole";"46.455959495032566, 7.44491976972966";"1,2";"true";"2";;;"mRNA";"von 09:00 bis 16:00";"de 09:00 à 16:00";"2022-02-12T09:00:00";"2022-02-12T16:00:00"
"mobile Einheit";"mobile Einheit - Linden";"Equipe mobile - Linden";"Finstermoosstrasse 2";"Linden";"3673";"Kirchgemeindehaus Linden";"maison de paroisse Linden";"46.84726465201331, 7.678445356246147";"1,2";"true";"2";;;"mRNA";"von 09:00 bis 13:00";"de 09:00 à 13:00";"2022-01-22T09:00:00";"2022-01-22T13:00:00"
"mobile Einheit";"mobile Einheit - Linden";"Equipe mobile - Linden";"Finstermoosstrasse 2";"Linden";"3673";"Kirchgemeindehaus Linden";"maison de paroisse Linden";"46.84726465201331, 7.678445356246147";"1,2";"true";"2";;;"mRNA";"von 09:00 bis 13:00";"de 09:00 à 13:00";"2022-02-19T09:00:00";"2022-02-19T13:00:00"
"mobile Einheit";"mobile Einheit - Spiez";"Equipe mobile - Spiez";"Thunstrasse 2";"Spiez";"3700";"Gemeindezentrum Lötschberg";"centre communautaire Lötschberg";"46.690538362496376, 7.675344885078894";"1,2";"true";"2";;;"mRNA";"von 09:00 bis 16:00";"de 09:00 à 16:00";"2022-02-03T09:00:00";"2022-02-03T16:00:00"
"mobile Einheit";"mobile Einheit - Spiez";"Equipe mobile - Spiez";"Thunstrasse 2";"Spiez";"3700";"Gemeindezentrum Lötschberg";"centre communautaire Lötschberg";"46.690538362496376, 7.675344885078894";"1,2";"true";"2";;;"mRNA";"von 09:00 bis 16:00";"de 09:00 à 16:00";"2022-03-03T09:00:00";"2022-03-03T16:00:00"
"mobile Einheit";"mobile Einheit - Uetendorf & Uttigen";"Equipe mobile - Uetendorf & Uttigen";"Moosweg 2";"Uetendorf";"3661";"Zehntenhaus";"Zehntenhaus";"46.775025931023855, 7.568323854392198";"1,2";"true";"2";;;"mRNA";"von 09:00 bis 16:00";"de 09:00 à 16:00";"2022-01-19T09:00:00";"2022-01-19T16:00:00"
"mobile Einheit";"mobile Einheit - Uetendorf & Uttigen";"Equipe mobile - Uetendorf & Uttigen";"Moosweg 2";"Uetendorf";"3661";"Zehntenhaus";"Zehntenhaus";"46.775025931023855, 7.568323854392198";"1,2";"true";"2";;;"mRNA";"von 09:00 bis 16:00";"de 09:00 à 16:00";"2022-02-16T09:00:00";"2022-02-16T16:00:00"
"mobile Einheit";"mobile Einheit - Zweisimmen";"Equipe mobile - Zweisimmen";"Beim Schulhaus";"Zweisimmen";"3770";"Gemeindesaal";"salle communale";"46.551905399553085, 7.3772249274037796";"1,2";"true";"2";;;"mRNA";"von 09:00 bis 16:00";"de 09:00 à 16:00";"2022-01-18T09:00:00";"2022-01-18T16:00:00"
"mobile Einheit";"mobile Einheit - Zweisimmen";"Equipe mobile - Zweisimmen";"Beim Schulhaus";"Zweisimmen";"3770";"Gemeindesaal";"salle communale";"46.551905399553085, 7.3772249274037796";"1,2";"true";"2";;;"mRNA";"von 09:00 bis 16:00";"de 09:00 à 16:00";"2022-02-15T09:00:00";"2022-02-15T16:00:00"
"mobile Einheit";"mobile Einheit - Sigriswil";"Equipe mobile - Sigriswil";"Vikar-Kuhn-Weg 9";"Sigriswil";"3655";"Pfrundschüür Sigriswil";"Pfrundschüür Sigriswil";"46.7168246826093, 7.711114485079428";"1,2";"true";"2";;;"mRNA";"von 09:00 bis 16:00";"de 09:00 à 16:00";"2022-01-25T09:00:00";"2022-01-25T16:00:00"
"mobile Einheit";"mobile Einheit - Sigriswil";"Equipe mobile - Sigriswil";"Vikar-Kuhn-Weg 9";"Sigriswil";"3655";"Pfrundschüür Sigriswil";"Pfrundschüür Sigriswil";"46.7168246826093, 7.711114485079428";"1,2";"true";"2";;;"mRNA";"von 09:00 bis 16:00";"de 09:00 à 16:00";"2022-02-22T09:00:00";"2022-02-22T16:00:00"
"Impftruck";"Impftruck - Schwarzenburg";"Camion de vaccination - Schwarzenburg";"Bahnhofstrasse 3-5";"Schwarzenburg";"3150";"";"";"46.81913179858039, 7.342663769737357";"1,2";"true";"2";;;"mRNA";"von 08:00 bis 14:00 und von 15:00 bis 18:00";"de 08:00 à 14:00 et de 15:00 à 18:00";"2022-01-25T08:00:00";"2022-01-25T18:00:00"
